{
  "prompt_aggregates": {
    "original": {
      "code_quality": {
        "mean_variance": 0.0497168903803132,
        "variance_of_variances": 0.00042179027923333417,
        "mean_of_means": 3.8841666666666668,
        "variance_of_means": 0.0014407037037036969
      },
      "faithfulness": {
        "mean_variance": 0.6488255033557047,
        "variance_of_variances": 0.004019839446671576,
        "mean_of_means": 4.4383333333333335,
        "variance_of_means": 4.074074074073768e-05
      },
      "combined_score": {
        "mean_variance": 0.7832112975391499,
        "variance_of_variances": 0.008211609185622257,
        "mean_of_means": 8.322499999999998,
        "variance_of_means": 0.0011829259259259442
      },
      "test_count": 4
    },
    "normal": {
      "code_quality": {
        "mean_variance": 0.4215888805186505,
        "variance_of_variances": 0.0054898575639518755,
        "mean_of_means": 3.4053571428571425,
        "variance_of_means": 0.004844652305366587
      },
      "faithfulness": {
        "mean_variance": 1.3661998356389535,
        "variance_of_variances": 0.009281672493899691,
        "mean_of_means": 4.307380952380952,
        "variance_of_means": 0.005519198790627331
      },
      "combined_score": {
        "mean_variance": 2.163180443318267,
        "variance_of_variances": 0.022758398040515142,
        "mean_of_means": 7.7127380952380955,
        "variance_of_means": 0.007807615268329566
      },
      "test_count": 4
    },
    "bayesian": {
      "code_quality": {
        "mean_variance": 0.10216728038966397,
        "variance_of_variances": 0.006104224603223941,
        "mean_of_means": 3.583082881558078,
        "variance_of_means": 0.0005317013547525565
      },
      "faithfulness": {
        "mean_variance": 1.1860797772823108,
        "variance_of_variances": 0.022008195390800022,
        "mean_of_means": 4.145415521752552,
        "variance_of_means": 0.0006533248552949303
      },
      "combined_score": {
        "mean_variance": 1.4091489450079768,
        "variance_of_variances": 0.06117721625270683,
        "mean_of_means": 7.728498403310629,
        "variance_of_means": 0.0010598196402732188
      },
      "test_count": 4
    }
  },
  "cross_test_analysis": {},
  "summary": {
    "most_consistent_prompt": {
      "prompt_type": "original",
      "mean_variance": 0.7832112975391499
    },
    "highest_variance_prompt": {
      "prompt_type": "normal",
      "mean_variance": 2.163180443318267
    },
    "analysis_timestamp": "2025-10-28T11:28:27.311490",
    "total_tests_analyzed": 4
  },
  "detailed_variance_by_test": {
    "1": {
      "prompt_variances": {
        "original": {
          "code_quality_variance": 0.0765565995525727,
          "faithfulness_variance": 0.6608053691275169,
          "combined_score_variance": 0.8315364653243846,
          "code_quality_std": 0.27668863285753664,
          "faithfulness_std": 0.8128993597780213,
          "combined_score_std": 0.9118862129259245,
          "code_quality_mean": 3.8573333333333335,
          "faithfulness_mean": 4.44,
          "combined_score_mean": 8.297333333333333,
          "sample_count": 150
        },
        "normal": {
          "code_quality_variance": 0.5268456375838926,
          "faithfulness_variance": 1.3109163128338583,
          "combined_score_variance": 2.10923161210793,
          "code_quality_std": 0.7258413308595016,
          "faithfulness_std": 1.1449525373716845,
          "combined_score_std": 1.4523193905294833,
          "code_quality_mean": 3.457142857142857,
          "faithfulness_mean": 4.2,
          "combined_score_mean": 7.6571428571428575,
          "sample_count": 150
        },
        "bayesian": {
          "code_quality_variance": 0.20177395448472069,
          "faithfulness_variance": 1.3470567738370405,
          "combined_score_variance": 1.6453103824951723,
          "code_quality_std": 0.44919255835857375,
          "faithfulness_std": 1.1606277498996138,
          "combined_score_std": 1.2826965278253357,
          "code_quality_mean": 3.6010597900056456,
          "faithfulness_mean": 4.1720129503559775,
          "combined_score_mean": 7.7730727403616235,
          "sample_count": 150
        }
      },
      "sample_count": 150,
      "metadata": {
        "total_samples": 150,
        "score_threshold": 7,
        "positive_class": "high"
      }
    },
    "0": {
      "prompt_variances": {
        "original": {
          "code_quality_variance": 0.026577181208053698,
          "faithfulness_variance": 0.5559284116331095,
          "combined_score_variance": 0.6482774049217003,
          "code_quality_std": 0.16302509379863486,
          "faithfulness_std": 0.7456060700082245,
          "combined_score_std": 0.8051567579805191,
          "code_quality_mean": 3.94,
          "faithfulness_mean": 4.433333333333334,
          "combined_score_mean": 8.373333333333333,
          "sample_count": 150
        },
        "normal": {
          "code_quality_variance": 0.3538519837465188,
          "faithfulness_variance": 1.4723973884855952,
          "combined_score_variance": 2.3025384650504495,
          "code_quality_std": 0.5948545904223307,
          "faithfulness_std": 1.2134238288766193,
          "combined_score_std": 1.5174117651614705,
          "code_quality_mean": 3.355238095238095,
          "faithfulness_mean": 4.335238095238095,
          "combined_score_mean": 7.690476190476191,
          "sample_count": 150
        },
        "bayesian": {
          "code_quality_variance": 0.021359794856683264,
          "faithfulness_variance": 1.0137898489932884,
          "combined_score_variance": 1.0867400846148805,
          "code_quality_std": 0.14614990542823922,
          "faithfulness_std": 1.0068713169980006,
          "combined_score_std": 1.04246826551933,
          "code_quality_mean": 3.55749019253398,
          "faithfulness_mean": 4.1625,
          "combined_score_mean": 7.719990192533978,
          "sample_count": 150
        }
      },
      "sample_count": 150,
      "metadata": {
        "total_samples": 150,
        "score_threshold": 7,
        "positive_class": "high"
      }
    },
    "03": {
      "prompt_variances": {
        "original": {
          "code_quality_variance": 0.04670290827740493,
          "faithfulness_variance": 0.686800894854586,
          "combined_score_variance": 0.8395888143176733,
          "code_quality_std": 0.21610855669640877,
          "faithfulness_std": 0.8287345140963938,
          "combined_score_std": 0.9162907913526542,
          "code_quality_mean": 3.875333333333333,
          "faithfulness_mean": 4.433333333333334,
          "combined_score_mean": 8.308666666666666,
          "sample_count": 150
        },
        "normal": {
          "code_quality_variance": 0.409844313564352,
          "faithfulness_variance": 1.418892389170433,
          "combined_score_variance": 2.2659005615669083,
          "code_quality_std": 0.6401908415186459,
          "faithfulness_std": 1.1911726949399206,
          "combined_score_std": 1.5052908561360852,
          "code_quality_mean": 3.336190476190476,
          "faithfulness_mean": 4.323809523809523,
          "combined_score_mean": 7.66,
          "sample_count": 150
        },
        "bayesian": {
          "code_quality_variance": 0.06374502408449513,
          "faithfulness_variance": 1.1197529737371494,
          "combined_score_variance": 1.352041319137782,
          "code_quality_std": 0.2524777694857413,
          "faithfulness_std": 1.0581838090507478,
          "combined_score_std": 1.162773115933535,
          "code_quality_mean": 3.5697450866960443,
          "faithfulness_mean": 4.125393560839311,
          "combined_score_mean": 7.695138647535356,
          "sample_count": 150
        }
      },
      "sample_count": 150,
      "metadata": {
        "total_samples": 150,
        "score_threshold": 7,
        "positive_class": "high"
      }
    },